cluster,structure_name,structure_family,initial_distance_A,charge,multiplicity,method,basis,total_energy_Eh,relative_energy_eV,terminated_normally,scf_converged,has_imaginary_frequencies,number_of_imaginary_frequencies,min_real_frequency_cm-1,number_of_vibrational_modes,optimized_xyz_path,output_path
B12,bilayer_3d,3d,2.0,0,1,PBE0,def2-SVP,-297.318956959703,1.48545730,True,True,False,0,254.8000,30,calculations\B12\bilayer_3d\d_2.0\mult_1\optimized.xyz,calculations\B12\bilayer_3d\d_2.0\mult_1\output.out
B12,bilayer_3d,3d,2.0,0,3,PBE0,def2-SVP,-297.264893675698,2.95659420,True,True,False,0,79.6500,30,calculations\B12\bilayer_3d\d_2.0\mult_3\optimized.xyz,calculations\B12\bilayer_3d\d_2.0\mult_3\output.out
B12,bilayer_3d,3d,2.0,0,5,PBE0,def2-SVP,-297.238882497052,3.66439443,True,True,False,0,263.4000,30,calculations\B12\bilayer_3d\d_2.0\mult_5\optimized.xyz,calculations\B12\bilayer_3d\d_2.0\mult_5\output.out
B12,bilayer_3d,3d,2.5,0,1,PBE0,def2-SVP,-297.318957367448,1.48544620,True,True,False,0,255.0200,30,calculations\B12\bilayer_3d\d_2.5\mult_1\optimized.xyz,calculations\B12\bilayer_3d\d_2.5\mult_1\output.out
B12,bilayer_3d,3d,2.5,0,3,PBE0,def2-SVP,-297.264683288679,2.96231912,True,True,False,0,81.6300,30,calculations\B12\bilayer_3d\d_2.5\mult_3\optimized.xyz,calculations\B12\bilayer_3d\d_2.5\mult_3\output.out
B12,bilayer_3d,3d,2.5,0,5,PBE0,def2-SVP,-297.238820600200,3.66607873,True,True,False,0,263.3100,30,calculations\B12\bilayer_3d\d_2.5\mult_5\optimized.xyz,calculations\B12\bilayer_3d\d_2.5\mult_5\output.out
B12,bilayer_3d,3d,3.0,0,1,PBE0,def2-SVP,-297.318946390658,1.48574489,True,True,False,0,,0,calculations\B12\bilayer_3d\d_3.0\mult_1\optimized.xyz,calculations\B12\bilayer_3d\d_3.0\mult_1\output.out
B12,bilayer_3d,3d,3.0,0,3,PBE0,def2-SVP,-297.264588000992,2.96491203,True,True,False,0,83.7000,30,calculations\B12\bilayer_3d\d_3.0\mult_3\optimized.xyz,calculations\B12\bilayer_3d\d_3.0\mult_3\output.out
B12,bilayer_3d,3d,3.0,0,5,PBE0,def2-SVP,-297.238884736003,3.66433350,True,True,False,0,262.8200,30,calculations\B12\bilayer_3d\d_3.0\mult_5\optimized.xyz,calculations\B12\bilayer_3d\d_3.0\mult_5\output.out
B12,bilayer_3d,3d,3.5,0,1,PBE0,def2-SVP,-297.373546508462,0.00000000,True,True,False,0,193.2700,30,calculations\B12\bilayer_3d\d_3.5\mult_1\optimized.xyz,calculations\B12\bilayer_3d\d_3.5\mult_1\output.out
B12,bilayer_3d,3d,3.5,0,3,PBE0,def2-SVP,-297.239534463781,3.64665351,True,True,False,0,73.3900,30,calculations\B12\bilayer_3d\d_3.5\mult_3\optimized.xyz,calculations\B12\bilayer_3d\d_3.5\mult_3\output.out
B12,bilayer_3d,3d,3.5,0,5,PBE0,def2-SVP,-297.203548276985,4.62588754,True,True,False,0,62.6500,30,calculations\B12\bilayer_3d\d_3.5\mult_5\optimized.xyz,calculations\B12\bilayer_3d\d_3.5\mult_5\output.out
B12,bilayer_3d,3d,4.0,0,1,PBE0,def2-SVP,-297.127080090041,6.70669291,True,True,False,0,42.6800,30,calculations\B12\bilayer_3d\d_4.0\mult_1\optimized.xyz,calculations\B12\bilayer_3d\d_4.0\mult_1\output.out
B12,bilayer_3d,3d,4.0,0,3,PBE0,def2-SVP,-296.978889232843,10.73917156,True,True,False,0,42.1200,30,calculations\B12\bilayer_3d\d_4.0\mult_3\optimized.xyz,calculations\B12\bilayer_3d\d_4.0\mult_3\output.out
B12,bilayer_3d,3d,4.0,0,5,PBE0,def2-SVP,-297.203536483044,4.62620847,True,True,False,0,,0,calculations\B12\bilayer_3d\d_4.0\mult_5\optimized.xyz,calculations\B12\bilayer_3d\d_4.0\mult_5\output.out
B12,bilayer_3d,3d,4.5,0,1,PBE0,def2-SVP,-297.083220113666,7.90018367,True,True,False,0,,0,calculations\B12\bilayer_3d\d_4.5\mult_1\optimized.xyz,calculations\B12\bilayer_3d\d_4.5\mult_1\output.out
B12,bilayer_3d,3d,4.5,0,3,PBE0,def2-SVP,-296.979062434279,10.73445851,True,True,False,0,,0,calculations\B12\bilayer_3d\d_4.5\mult_3\optimized.xyz,calculations\B12\bilayer_3d\d_4.5\mult_3\output.out
B12,bilayer_3d,3d,4.5,0,5,PBE0,def2-SVP,-296.958774504858,11.28652119,True,True,False,0,,0,calculations\B12\bilayer_3d\d_4.5\mult_5\optimized.xyz,calculations\B12\bilayer_3d\d_4.5\mult_5\output.out
B12,bilayer_3d,3d,5.0,0,1,PBE0,def2-SVP,-297.083221875352,7.90013573,True,True,False,0,,0,calculations\B12\bilayer_3d\d_5.0\mult_1\optimized.xyz,calculations\B12\bilayer_3d\d_5.0\mult_1\output.out
B12,bilayer_3d,3d,5.0,0,3,PBE0,def2-SVP,-296.979056286288,10.73462581,True,True,False,0,,0,calculations\B12\bilayer_3d\d_5.0\mult_3\optimized.xyz,calculations\B12\bilayer_3d\d_5.0\mult_3\output.out
B12,bilayer_3d,3d,5.0,0,5,PBE0,def2-SVP,-297.203513926783,4.62682225,True,True,False,0,,0,calculations\B12\bilayer_3d\d_5.0\mult_5\optimized.xyz,calculations\B12\bilayer_3d\d_5.0\mult_5\output.out
B12,compact_3d,3d,2.0,0,1,PBE0,def2-SVP,-297.318482778779,1.49836042,True,True,False,0,,0,calculations\B12\compact_3d\d_2.0\mult_1\optimized.xyz,calculations\B12\compact_3d\d_2.0\mult_1\output.out
B12,compact_3d,3d,2.0,0,3,PBE0,def2-SVP,-297.269135629060,2.84116477,True,True,False,0,,0,calculations\B12\compact_3d\d_2.0\mult_3\optimized.xyz,calculations\B12\compact_3d\d_2.0\mult_3\output.out
B12,compact_3d,3d,2.0,0,5,PBE0,def2-SVP,-297.209655604082,4.45969870,True,True,False,0,,0,calculations\B12\compact_3d\d_2.0\mult_5\optimized.xyz,calculations\B12\compact_3d\d_2.0\mult_5\output.out
B12,compact_3d,3d,2.5,0,1,PBE0,def2-SVP,-297.283784698807,2.44254327,True,True,False,0,,0,calculations\B12\compact_3d\d_2.5\mult_1\optimized.xyz,calculations\B12\compact_3d\d_2.5\mult_1\output.out
B12,compact_3d,3d,2.5,0,3,PBE0,def2-SVP,-295.237202112210,58.13289252,False,True,False,0,,0,calculations\B12\compact_3d\d_2.5\mult_3\optimized.xyz,calculations\B12\compact_3d\d_2.5\mult_3\output.out
B12,compact_3d,3d,2.5,0,5,PBE0,def2-SVP,-297.190563962091,4.97920875,True,True,False,0,,0,calculations\B12\compact_3d\d_2.5\mult_5\optimized.xyz,calculations\B12\compact_3d\d_2.5\mult_5\output.out
B12,compact_3d,3d,3.0,0,1,PBE0,def2-SVP,-297.373548100735,-0.00004333,True,True,False,0,,0,calculations\B12\compact_3d\d_3.0\mult_1\optimized.xyz,calculations\B12\compact_3d\d_3.0\mult_1\output.out
B12,compact_3d,3d,3.0,0,3,PBE0,def2-SVP,,,False,False,False,0,,0,calculations\B12\compact_3d\d_3.0\mult_3\optimized.xyz,calculations\B12\compact_3d\d_3.0\mult_3\output.out
B12,compact_3d,3d,3.0,0,5,PBE0,def2-SVP,,,False,False,False,0,,0,calculations\B12\compact_3d\d_3.0\mult_5\optimized.xyz,calculations\B12\compact_3d\d_3.0\mult_5\output.out
B12,compact_3d,3d,3.5,0,1,PBE0,def2-SVP,-297.031295245271,9.31313132,True,True,False,0,,0,calculations\B12\compact_3d\d_3.5\mult_1\optimized.xyz,calculations\B12\compact_3d\d_3.5\mult_1\output.out
B12,compact_3d,3d,3.5,0,3,PBE0,def2-SVP,,,False,False,False,0,,0,calculations\B12\compact_3d\d_3.5\mult_3\optimized.xyz,calculations\B12\compact_3d\d_3.5\mult_3\output.out
B12,compact_3d,3d,3.5,0,5,PBE0,def2-SVP,,,False,False,False,0,,0,calculations\B12\compact_3d\d_3.5\mult_5\optimized.xyz,calculations\B12\compact_3d\d_3.5\mult_5\output.out
B12,compact_3d,3d,4.0,0,1,PBE0,def2-SVP,-295.337691066327,55.39844878,False,False,False,0,,0,calculations\B12\compact_3d\d_4.0\mult_1\optimized.xyz,calculations\B12\compact_3d\d_4.0\mult_1\output.out
B12,compact_3d,3d,4.0,0,3,PBE0,def2-SVP,,,False,False,False,0,,0,calculations\B12\compact_3d\d_4.0\mult_3\optimized.xyz,calculations\B12\compact_3d\d_4.0\mult_3\output.out
B12,compact_3d,3d,4.0,0,5,PBE0,def2-SVP,,,False,False,False,0,,0,calculations\B12\compact_3d\d_4.0\mult_5\optimized.xyz,calculations\B12\compact_3d\d_4.0\mult_5\output.out
B12,compact_3d,3d,4.5,0,1,PBE0,def2-SVP,,,False,False,False,0,,0,,calculations\B12\compact_3d\d_4.5\mult_1\output.out
B12,compact_3d,3d,4.5,0,3,PBE0,def2-SVP,,,False,False,False,0,,0,,calculations\B12\compact_3d\d_4.5\mult_3\output.out
B12,compact_3d,3d,4.5,0,5,PBE0,def2-SVP,,,False,False,False,0,,0,,calculations\B12\compact_3d\d_4.5\mult_5\output.out
B12,compact_3d,3d,5.0,0,1,PBE0,def2-SVP,,,False,False,False,0,,0,,calculations\B12\compact_3d\d_5.0\mult_1\output.out
B12,compact_3d,3d,5.0,0,3,PBE0,def2-SVP,,,False,False,False,0,,0,,calculations\B12\compact_3d\d_5.0\mult_3\output.out
B12,compact_3d,3d,5.0,0,5,PBE0,def2-SVP,,,False,False,False,0,,0,,calculations\B12\compact_3d\d_5.0\mult_5\output.out
B12,cuboctahedral_fragment,3d,2.0,0,1,PBE0,def2-SVP,,,False,False,False,0,,0,,calculations\B12\cuboctahedral_fragment\d_2.0\mult_1\output.out
B12,cuboctahedral_fragment,3d,2.0,0,3,PBE0,def2-SVP,,,False,False,False,0,,0,,calculations\B12\cuboctahedral_fragment\d_2.0\mult_3\output.out
B12,cuboctahedral_fragment,3d,2.0,0,5,PBE0,def2-SVP,,,False,False,False,0,,0,,calculations\B12\cuboctahedral_fragment\d_2.0\mult_5\output.out
B12,cuboctahedral_fragment,3d,2.5,0,1,PBE0,def2-SVP,,,False,False,False,0,,0,,calculations\B12\cuboctahedral_fragment\d_2.5\mult_1\output.out
B12,cuboctahedral_fragment,3d,2.5,0,3,PBE0,def2-SVP,,,False,False,False,0,,0,,calculations\B12\cuboctahedral_fragment\d_2.5\mult_3\output.out
B12,cuboctahedral_fragment,3d,2.5,0,5,PBE0,def2-SVP,,,False,False,False,0,,0,,calculations\B12\cuboctahedral_fragment\d_2.5\mult_5\output.out
B12,cuboctahedral_fragment,3d,3.0,0,1,PBE0,def2-SVP,,,False,False,False,0,,0,,calculations\B12\cuboctahedral_fragment\d_3.0\mult_1\output.out
B12,cuboctahedral_fragment,3d,3.0,0,3,PBE0,def2-SVP,,,False,False,False,0,,0,,calculations\B12\cuboctahedral_fragment\d_3.0\mult_3\output.out
B12,cuboctahedral_fragment,3d,3.0,0,5,PBE0,def2-SVP,,,False,False,False,0,,0,,calculations\B12\cuboctahedral_fragment\d_3.0\mult_5\output.out
B12,cuboctahedral_fragment,3d,3.5,0,1,PBE0,def2-SVP,,,False,False,False,0,,0,,calculations\B12\cuboctahedral_fragment\d_3.5\mult_1\output.out
B12,cuboctahedral_fragment,3d,3.5,0,3,PBE0,def2-SVP,,,False,False,False,0,,0,,calculations\B12\cuboctahedral_fragment\d_3.5\mult_3\output.out
B12,cuboctahedral_fragment,3d,3.5,0,5,PBE0,def2-SVP,,,False,False,False,0,,0,,calculations\B12\cuboctahedral_fragment\d_3.5\mult_5\output.out
B12,cuboctahedral_fragment,3d,4.0,0,1,PBE0,def2-SVP,,,False,False,False,0,,0,,calculations\B12\cuboctahedral_fragment\d_4.0\mult_1\output.out
B12,cuboctahedral_fragment,3d,4.0,0,3,PBE0,def2-SVP,,,False,False,False,0,,0,,calculations\B12\cuboctahedral_fragment\d_4.0\mult_3\output.out
B12,cuboctahedral_fragment,3d,4.0,0,5,PBE0,def2-SVP,,,False,False,False,0,,0,,calculations\B12\cuboctahedral_fragment\d_4.0\mult_5\output.out
B12,cuboctahedral_fragment,3d,4.5,0,1,PBE0,def2-SVP,,,False,False,False,0,,0,,calculations\B12\cuboctahedral_fragment\d_4.5\mult_1\output.out
B12,cuboctahedral_fragment,3d,4.5,0,3,PBE0,def2-SVP,,,False,False,False,0,,0,,calculations\B12\cuboctahedral_fragment\d_4.5\mult_3\output.out
B12,cuboctahedral_fragment,3d,4.5,0,5,PBE0,def2-SVP,,,False,False,False,0,,0,,calculations\B12\cuboctahedral_fragment\d_4.5\mult_5\output.out
B12,cuboctahedral_fragment,3d,5.0,0,1,PBE0,def2-SVP,,,False,False,False,0,,0,,calculations\B12\cuboctahedral_fragment\d_5.0\mult_1\output.out
B12,cuboctahedral_fragment,3d,5.0,0,3,PBE0,def2-SVP,,,False,False,False,0,,0,,calculations\B12\cuboctahedral_fragment\d_5.0\mult_3\output.out
B12,cuboctahedral_fragment,3d,5.0,0,5,PBE0,def2-SVP,,,False,False,False,0,,0,,calculations\B12\cuboctahedral_fragment\d_5.0\mult_5\output.out
B12,distorted_cage,3d,2.0,0,1,PBE0,def2-SVP,,,False,False,False,0,,0,,calculations\B12\distorted_cage\d_2.0\mult_1\output.out
B12,distorted_cage,3d,2.0,0,3,PBE0,def2-SVP,,,False,False,False,0,,0,,calculations\B12\distorted_cage\d_2.0\mult_3\output.out
B12,distorted_cage,3d,2.0,0,5,PBE0,def2-SVP,,,False,False,False,0,,0,,calculations\B12\distorted_cage\d_2.0\mult_5\output.out
B12,distorted_cage,3d,2.5,0,1,PBE0,def2-SVP,,,False,False,False,0,,0,,calculations\B12\distorted_cage\d_2.5\mult_1\output.out
B12,distorted_cage,3d,2.5,0,3,PBE0,def2-SVP,,,False,False,False,0,,0,,calculations\B12\distorted_cage\d_2.5\mult_3\output.out
B12,distorted_cage,3d,2.5,0,5,PBE0,def2-SVP,,,False,False,False,0,,0,,calculations\B12\distorted_cage\d_2.5\mult_5\output.out
B12,distorted_cage,3d,3.0,0,1,PBE0,def2-SVP,,,False,False,False,0,,0,,calculations\B12\distorted_cage\d_3.0\mult_1\output.out
B12,distorted_cage,3d,3.0,0,3,PBE0,def2-SVP,,,False,False,False,0,,0,,calculations\B12\distorted_cage\d_3.0\mult_3\output.out
B12,distorted_cage,3d,3.0,0,5,PBE0,def2-SVP,,,False,False,False,0,,0,,calculations\B12\distorted_cage\d_3.0\mult_5\output.out
B12,distorted_cage,3d,3.5,0,1,PBE0,def2-SVP,,,False,False,False,0,,0,,calculations\B12\distorted_cage\d_3.5\mult_1\output.out
B12,distorted_cage,3d,3.5,0,3,PBE0,def2-SVP,,,False,False,False,0,,0,,calculations\B12\distorted_cage\d_3.5\mult_3\output.out
B12,distorted_cage,3d,3.5,0,5,PBE0,def2-SVP,,,False,False,False,0,,0,,calculations\B12\distorted_cage\d_3.5\mult_5\output.out
B12,distorted_cage,3d,4.0,0,1,PBE0,def2-SVP,,,False,False,False,0,,0,,calculations\B12\distorted_cage\d_4.0\mult_1\output.out
B12,distorted_cage,3d,4.0,0,3,PBE0,def2-SVP,,,False,False,False,0,,0,,calculations\B12\distorted_cage\d_4.0\mult_3\output.out
B12,distorted_cage,3d,4.0,0,5,PBE0,def2-SVP,,,False,False,False,0,,0,,calculations\B12\distorted_cage\d_4.0\mult_5\output.out
B12,distorted_cage,3d,4.5,0,1,PBE0,def2-SVP,,,False,False,False,0,,0,,calculations\B12\distorted_cage\d_4.5\mult_1\output.out
B12,distorted_cage,3d,4.5,0,3,PBE0,def2-SVP,,,False,False,False,0,,0,,calculations\B12\distorted_cage\d_4.5\mult_3\output.out
B12,distorted_cage,3d,4.5,0,5,PBE0,def2-SVP,,,False,False,False,0,,0,,calculations\B12\distorted_cage\d_4.5\mult_5\output.out
B12,distorted_cage,3d,5.0,0,1,PBE0,def2-SVP,,,False,False,False,0,,0,,calculations\B12\distorted_cage\d_5.0\mult_1\output.out
B12,distorted_cage,3d,5.0,0,3,PBE0,def2-SVP,,,False,False,False,0,,0,,calculations\B12\distorted_cage\d_5.0\mult_3\output.out
B12,distorted_cage,3d,5.0,0,5,PBE0,def2-SVP,,,False,False,False,0,,0,,calculations\B12\distorted_cage\d_5.0\mult_5\output.out
B12,distorted_icosahedron_01,3d,2.0,0,1,PBE0,def2-SVP,,,False,False,False,0,,0,,calculations\B12\distorted_icosahedron_01\d_2.0\mult_1\output.out
B12,distorted_icosahedron_01,3d,2.0,0,3,PBE0,def2-SVP,,,False,False,False,0,,0,,calculations\B12\distorted_icosahedron_01\d_2.0\mult_3\output.out
B12,distorted_icosahedron_01,3d,2.0,0,5,PBE0,def2-SVP,,,False,False,False,0,,0,,calculations\B12\distorted_icosahedron_01\d_2.0\mult_5\output.out
B12,distorted_icosahedron_01,3d,2.5,0,1,PBE0,def2-SVP,,,False,False,False,0,,0,,calculations\B12\distorted_icosahedron_01\d_2.5\mult_1\output.out
B12,distorted_icosahedron_01,3d,2.5,0,3,PBE0,def2-SVP,,,False,False,False,0,,0,,calculations\B12\distorted_icosahedron_01\d_2.5\mult_3\output.out
B12,distorted_icosahedron_01,3d,2.5,0,5,PBE0,def2-SVP,,,False,False,False,0,,0,,calculations\B12\distorted_icosahedron_01\d_2.5\mult_5\output.out
B12,distorted_icosahedron_01,3d,3.0,0,1,PBE0,def2-SVP,,,False,False,False,0,,0,,calculations\B12\distorted_icosahedron_01\d_3.0\mult_1\output.out
B12,distorted_icosahedron_01,3d,3.0,0,3,PBE0,def2-SVP,,,False,False,False,0,,0,,calculations\B12\distorted_icosahedron_01\d_3.0\mult_3\output.out
B12,distorted_icosahedron_01,3d,3.0,0,5,PBE0,def2-SVP,,,False,False,False,0,,0,,calculations\B12\distorted_icosahedron_01\d_3.0\mult_5\output.out
B12,distorted_icosahedron_01,3d,3.5,0,1,PBE0,def2-SVP,,,False,False,False,0,,0,,calculations\B12\distorted_icosahedron_01\d_3.5\mult_1\output.out
B12,distorted_icosahedron_01,3d,3.5,0,3,PBE0,def2-SVP,,,False,False,False,0,,0,,calculations\B12\distorted_icosahedron_01\d_3.5\mult_3\output.out
B12,distorted_icosahedron_01,3d,3.5,0,5,PBE0,def2-SVP,,,False,False,False,0,,0,,calculations\B12\distorted_icosahedron_01\d_3.5\mult_5\output.out
B12,distorted_icosahedron_01,3d,4.0,0,1,PBE0,def2-SVP,,,False,False,False,0,,0,,calculations\B12\distorted_icosahedron_01\d_4.0\mult_1\output.out
B12,distorted_icosahedron_01,3d,4.0,0,3,PBE0,def2-SVP,,,False,False,False,0,,0,,calculations\B12\distorted_icosahedron_01\d_4.0\mult_3\output.out
B12,distorted_icosahedron_01,3d,4.0,0,5,PBE0,def2-SVP,,,False,False,False,0,,0,,calculations\B12\distorted_icosahedron_01\d_4.0\mult_5\output.out
B12,distorted_icosahedron_01,3d,4.5,0,1,PBE0,def2-SVP,,,False,False,False,0,,0,,calculations\B12\distorted_icosahedron_01\d_4.5\mult_1\output.out
B12,distorted_icosahedron_01,3d,4.5,0,3,PBE0,def2-SVP,,,False,False,False,0,,0,,calculations\B12\distorted_icosahedron_01\d_4.5\mult_3\output.out
B12,distorted_icosahedron_01,3d,4.5,0,5,PBE0,def2-SVP,,,False,False,False,0,,0,,calculations\B12\distorted_icosahedron_01\d_4.5\mult_5\output.out
B12,distorted_icosahedron_01,3d,5.0,0,1,PBE0,def2-SVP,,,False,False,False,0,,0,,calculations\B12\distorted_icosahedron_01\d_5.0\mult_1\output.out
B12,distorted_icosahedron_01,3d,5.0,0,3,PBE0,def2-SVP,,,False,False,False,0,,0,,calculations\B12\distorted_icosahedron_01\d_5.0\mult_3\output.out
B12,distorted_icosahedron_01,3d,5.0,0,5,PBE0,def2-SVP,,,False,False,False,0,,0,,calculations\B12\distorted_icosahedron_01\d_5.0\mult_5\output.out
B12,distorted_icosahedron_02,3d,2.0,0,1,PBE0,def2-SVP,,,False,False,False,0,,0,,calculations\B12\distorted_icosahedron_02\d_2.0\mult_1\output.out
B12,distorted_icosahedron_02,3d,2.0,0,3,PBE0,def2-SVP,,,False,False,False,0,,0,,calculations\B12\distorted_icosahedron_02\d_2.0\mult_3\output.out
B12,distorted_icosahedron_02,3d,2.0,0,5,PBE0,def2-SVP,,,False,False,False,0,,0,,calculations\B12\distorted_icosahedron_02\d_2.0\mult_5\output.out
B12,distorted_icosahedron_02,3d,2.5,0,1,PBE0,def2-SVP,,,False,False,False,0,,0,,calculations\B12\distorted_icosahedron_02\d_2.5\mult_1\output.out
B12,distorted_icosahedron_02,3d,2.5,0,3,PBE0,def2-SVP,,,False,False,False,0,,0,,calculations\B12\distorted_icosahedron_02\d_2.5\mult_3\output.out
B12,distorted_icosahedron_02,3d,2.5,0,5,PBE0,def2-SVP,,,False,False,False,0,,0,,calculations\B12\distorted_icosahedron_02\d_2.5\mult_5\output.out
B12,distorted_icosahedron_02,3d,3.0,0,1,PBE0,def2-SVP,,,False,False,False,0,,0,,calculations\B12\distorted_icosahedron_02\d_3.0\mult_1\output.out
B12,distorted_icosahedron_02,3d,3.0,0,3,PBE0,def2-SVP,,,False,False,False,0,,0,,calculations\B12\distorted_icosahedron_02\d_3.0\mult_3\output.out
B12,distorted_icosahedron_02,3d,3.0,0,5,PBE0,def2-SVP,,,False,False,False,0,,0,,calculations\B12\distorted_icosahedron_02\d_3.0\mult_5\output.out
B12,distorted_icosahedron_02,3d,3.5,0,1,PBE0,def2-SVP,,,False,False,False,0,,0,,calculations\B12\distorted_icosahedron_02\d_3.5\mult_1\output.out
B12,distorted_icosahedron_02,3d,3.5,0,3,PBE0,def2-SVP,,,False,False,False,0,,0,,calculations\B12\distorted_icosahedron_02\d_3.5\mult_3\output.out
B12,distorted_icosahedron_02,3d,3.5,0,5,PBE0,def2-SVP,,,False,False,False,0,,0,,calculations\B12\distorted_icosahedron_02\d_3.5\mult_5\output.out
B12,distorted_icosahedron_02,3d,4.0,0,1,PBE0,def2-SVP,,,False,False,False,0,,0,,calculations\B12\distorted_icosahedron_02\d_4.0\mult_1\output.out
B12,distorted_icosahedron_02,3d,4.0,0,3,PBE0,def2-SVP,,,False,False,False,0,,0,,calculations\B12\distorted_icosahedron_02\d_4.0\mult_3\output.out
B12,distorted_icosahedron_02,3d,4.0,0,5,PBE0,def2-SVP,,,False,False,False,0,,0,,calculations\B12\distorted_icosahedron_02\d_4.0\mult_5\output.out
B12,distorted_icosahedron_02,3d,4.5,0,1,PBE0,def2-SVP,,,False,False,False,0,,0,,calculations\B12\distorted_icosahedron_02\d_4.5\mult_1\output.out
B12,distorted_icosahedron_02,3d,4.5,0,3,PBE0,def2-SVP,,,False,False,False,0,,0,,calculations\B12\distorted_icosahedron_02\d_4.5\mult_3\output.out
B12,distorted_icosahedron_02,3d,4.5,0,5,PBE0,def2-SVP,,,False,False,False,0,,0,,calculations\B12\distorted_icosahedron_02\d_4.5\mult_5\output.out
B12,distorted_icosahedron_02,3d,5.0,0,1,PBE0,def2-SVP,,,False,False,False,0,,0,,calculations\B12\distorted_icosahedron_02\d_5.0\mult_1\output.out
B12,distorted_icosahedron_02,3d,5.0,0,3,PBE0,def2-SVP,,,False,False,False,0,,0,,calculations\B12\distorted_icosahedron_02\d_5.0\mult_3\output.out
B12,distorted_icosahedron_02,3d,5.0,0,5,PBE0,def2-SVP,,,False,False,False,0,,0,,calculations\B12\distorted_icosahedron_02\d_5.0\mult_5\output.out
B12,icosahedron,3d,2.0,0,1,PBE0,def2-SVP,,,False,False,False,0,,0,,calculations\B12\icosahedron\d_2.0\mult_1\output.out
B12,icosahedron,3d,2.0,0,3,PBE0,def2-SVP,,,False,False,False,0,,0,,calculations\B12\icosahedron\d_2.0\mult_3\output.out
B12,icosahedron,3d,2.0,0,5,PBE0,def2-SVP,,,False,False,False,0,,0,,calculations\B12\icosahedron\d_2.0\mult_5\output.out
B12,icosahedron,3d,2.5,0,1,PBE0,def2-SVP,,,False,False,False,0,,0,,calculations\B12\icosahedron\d_2.5\mult_1\output.out
B12,icosahedron,3d,2.5,0,3,PBE0,def2-SVP,,,False,False,False,0,,0,,calculations\B12\icosahedron\d_2.5\mult_3\output.out
B12,icosahedron,3d,2.5,0,5,PBE0,def2-SVP,,,False,False,False,0,,0,,calculations\B12\icosahedron\d_2.5\mult_5\output.out
B12,icosahedron,3d,3.0,0,1,PBE0,def2-SVP,,,False,False,False,0,,0,,calculations\B12\icosahedron\d_3.0\mult_1\output.out
B12,icosahedron,3d,3.0,0,3,PBE0,def2-SVP,,,False,False,False,0,,0,,calculations\B12\icosahedron\d_3.0\mult_3\output.out
B12,icosahedron,3d,3.0,0,5,PBE0,def2-SVP,,,False,False,False,0,,0,,calculations\B12\icosahedron\d_3.0\mult_5\output.out
B12,icosahedron,3d,3.5,0,1,PBE0,def2-SVP,,,False,False,False,0,,0,,calculations\B12\icosahedron\d_3.5\mult_1\output.out
B12,icosahedron,3d,3.5,0,3,PBE0,def2-SVP,,,False,False,False,0,,0,,calculations\B12\icosahedron\d_3.5\mult_3\output.out
B12,icosahedron,3d,3.5,0,5,PBE0,def2-SVP,,,False,False,False,0,,0,,calculations\B12\icosahedron\d_3.5\mult_5\output.out
B12,icosahedron,3d,4.0,0,1,PBE0,def2-SVP,,,False,False,False,0,,0,,calculations\B12\icosahedron\d_4.0\mult_1\output.out
B12,icosahedron,3d,4.0,0,3,PBE0,def2-SVP,,,False,False,False,0,,0,,calculations\B12\icosahedron\d_4.0\mult_3\output.out
B12,icosahedron,3d,4.0,0,5,PBE0,def2-SVP,,,False,False,False,0,,0,,calculations\B12\icosahedron\d_4.0\mult_5\output.out
B12,icosahedron,3d,4.5,0,1,PBE0,def2-SVP,,,False,False,False,0,,0,,calculations\B12\icosahedron\d_4.5\mult_1\output.out
B12,icosahedron,3d,4.5,0,3,PBE0,def2-SVP,,,False,False,False,0,,0,,calculations\B12\icosahedron\d_4.5\mult_3\output.out
B12,icosahedron,3d,4.5,0,5,PBE0,def2-SVP,,,False,False,False,0,,0,,calculations\B12\icosahedron\d_4.5\mult_5\output.out
B12,icosahedron,3d,5.0,0,1,PBE0,def2-SVP,,,False,False,False,0,,0,,calculations\B12\icosahedron\d_5.0\mult_1\output.out
B12,icosahedron,3d,5.0,0,3,PBE0,def2-SVP,,,False,False,False,0,,0,,calculations\B12\icosahedron\d_5.0\mult_3\output.out
B12,icosahedron,3d,5.0,0,5,PBE0,def2-SVP,,,False,False,False,0,,0,,calculations\B12\icosahedron\d_5.0\mult_5\output.out
B12,planar_double_ring,planar,2.0,0,1,PBE0,def2-SVP,,,False,False,False,0,,0,,calculations\B12\planar_double_ring\d_2.0\mult_1\output.out
B12,planar_double_ring,planar,2.0,0,3,PBE0,def2-SVP,,,False,False,False,0,,0,,calculations\B12\planar_double_ring\d_2.0\mult_3\output.out
B12,planar_double_ring,planar,2.0,0,5,PBE0,def2-SVP,,,False,False,False,0,,0,,calculations\B12\planar_double_ring\d_2.0\mult_5\output.out
B12,planar_double_ring,planar,2.5,0,1,PBE0,def2-SVP,,,False,False,False,0,,0,,calculations\B12\planar_double_ring\d_2.5\mult_1\output.out
B12,planar_double_ring,planar,2.5,0,3,PBE0,def2-SVP,,,False,False,False,0,,0,,calculations\B12\planar_double_ring\d_2.5\mult_3\output.out
B12,planar_double_ring,planar,2.5,0,5,PBE0,def2-SVP,,,False,False,False,0,,0,,calculations\B12\planar_double_ring\d_2.5\mult_5\output.out
B12,planar_double_ring,planar,3.0,0,1,PBE0,def2-SVP,,,False,False,False,0,,0,,calculations\B12\planar_double_ring\d_3.0\mult_1\output.out
B12,planar_double_ring,planar,3.0,0,3,PBE0,def2-SVP,,,False,False,False,0,,0,,calculations\B12\planar_double_ring\d_3.0\mult_3\output.out
B12,planar_double_ring,planar,3.0,0,5,PBE0,def2-SVP,,,False,False,False,0,,0,,calculations\B12\planar_double_ring\d_3.0\mult_5\output.out
B12,planar_double_ring,planar,3.5,0,1,PBE0,def2-SVP,,,False,False,False,0,,0,,calculations\B12\planar_double_ring\d_3.5\mult_1\output.out
B12,planar_double_ring,planar,3.5,0,3,PBE0,def2-SVP,,,False,False,False,0,,0,,calculations\B12\planar_double_ring\d_3.5\mult_3\output.out
B12,planar_double_ring,planar,3.5,0,5,PBE0,def2-SVP,,,False,False,False,0,,0,,calculations\B12\planar_double_ring\d_3.5\mult_5\output.out
B12,planar_double_ring,planar,4.0,0,1,PBE0,def2-SVP,,,False,False,False,0,,0,,calculations\B12\planar_double_ring\d_4.0\mult_1\output.out
B12,planar_double_ring,planar,4.0,0,3,PBE0,def2-SVP,,,False,False,False,0,,0,,calculations\B12\planar_double_ring\d_4.0\mult_3\output.out
B12,planar_double_ring,planar,4.0,0,5,PBE0,def2-SVP,,,False,False,False,0,,0,,calculations\B12\planar_double_ring\d_4.0\mult_5\output.out
B12,planar_double_ring,planar,4.5,0,1,PBE0,def2-SVP,,,False,False,False,0,,0,,calculations\B12\planar_double_ring\d_4.5\mult_1\output.out
B12,planar_double_ring,planar,4.5,0,3,PBE0,def2-SVP,,,False,False,False,0,,0,,calculations\B12\planar_double_ring\d_4.5\mult_3\output.out
B12,planar_double_ring,planar,4.5,0,5,PBE0,def2-SVP,,,False,False,False,0,,0,,calculations\B12\planar_double_ring\d_4.5\mult_5\output.out
B12,planar_double_ring,planar,5.0,0,1,PBE0,def2-SVP,,,False,False,False,0,,0,,calculations\B12\planar_double_ring\d_5.0\mult_1\output.out
B12,planar_double_ring,planar,5.0,0,3,PBE0,def2-SVP,,,False,False,False,0,,0,,calculations\B12\planar_double_ring\d_5.0\mult_3\output.out
B12,planar_double_ring,planar,5.0,0,5,PBE0,def2-SVP,,,False,False,False,0,,0,,calculations\B12\planar_double_ring\d_5.0\mult_5\output.out
B12,planar_triangular_patch,planar,2.0,0,1,PBE0,def2-SVP,,,False,False,False,0,,0,,calculations\B12\planar_triangular_patch\d_2.0\mult_1\output.out
B12,planar_triangular_patch,planar,2.0,0,3,PBE0,def2-SVP,,,False,False,False,0,,0,,calculations\B12\planar_triangular_patch\d_2.0\mult_3\output.out
B12,planar_triangular_patch,planar,2.0,0,5,PBE0,def2-SVP,,,False,False,False,0,,0,,calculations\B12\planar_triangular_patch\d_2.0\mult_5\output.out
B12,planar_triangular_patch,planar,2.5,0,1,PBE0,def2-SVP,,,False,False,False,0,,0,,calculations\B12\planar_triangular_patch\d_2.5\mult_1\output.out
B12,planar_triangular_patch,planar,2.5,0,3,PBE0,def2-SVP,,,False,False,False,0,,0,,calculations\B12\planar_triangular_patch\d_2.5\mult_3\output.out
B12,planar_triangular_patch,planar,2.5,0,5,PBE0,def2-SVP,,,False,False,False,0,,0,,calculations\B12\planar_triangular_patch\d_2.5\mult_5\output.out
B12,planar_triangular_patch,planar,3.0,0,1,PBE0,def2-SVP,,,False,False,False,0,,0,,calculations\B12\planar_triangular_patch\d_3.0\mult_1\output.out
B12,planar_triangular_patch,planar,3.0,0,3,PBE0,def2-SVP,,,False,False,False,0,,0,,calculations\B12\planar_triangular_patch\d_3.0\mult_3\output.out
B12,planar_triangular_patch,planar,3.0,0,5,PBE0,def2-SVP,,,False,False,False,0,,0,,calculations\B12\planar_triangular_patch\d_3.0\mult_5\output.out
B12,planar_triangular_patch,planar,3.5,0,1,PBE0,def2-SVP,,,False,False,False,0,,0,,calculations\B12\planar_triangular_patch\d_3.5\mult_1\output.out
B12,planar_triangular_patch,planar,3.5,0,3,PBE0,def2-SVP,,,False,False,False,0,,0,,calculations\B12\planar_triangular_patch\d_3.5\mult_3\output.out
B12,planar_triangular_patch,planar,3.5,0,5,PBE0,def2-SVP,,,False,False,False,0,,0,,calculations\B12\planar_triangular_patch\d_3.5\mult_5\output.out
B12,planar_triangular_patch,planar,4.0,0,1,PBE0,def2-SVP,,,False,False,False,0,,0,,calculations\B12\planar_triangular_patch\d_4.0\mult_1\output.out
B12,planar_triangular_patch,planar,4.0,0,3,PBE0,def2-SVP,,,False,False,False,0,,0,,calculations\B12\planar_triangular_patch\d_4.0\mult_3\output.out
B12,planar_triangular_patch,planar,4.0,0,5,PBE0,def2-SVP,,,False,False,False,0,,0,,calculations\B12\planar_triangular_patch\d_4.0\mult_5\output.out
B12,planar_triangular_patch,planar,4.5,0,1,PBE0,def2-SVP,,,False,False,False,0,,0,,calculations\B12\planar_triangular_patch\d_4.5\mult_1\output.out
B12,planar_triangular_patch,planar,4.5,0,3,PBE0,def2-SVP,,,False,False,False,0,,0,,calculations\B12\planar_triangular_patch\d_4.5\mult_3\output.out
B12,planar_triangular_patch,planar,4.5,0,5,PBE0,def2-SVP,,,False,False,False,0,,0,,calculations\B12\planar_triangular_patch\d_4.5\mult_5\output.out
B12,planar_triangular_patch,planar,5.0,0,1,PBE0,def2-SVP,,,False,False,False,0,,0,,calculations\B12\planar_triangular_patch\d_5.0\mult_1\output.out
B12,planar_triangular_patch,planar,5.0,0,3,PBE0,def2-SVP,,,False,False,False,0,,0,,calculations\B12\planar_triangular_patch\d_5.0\mult_3\output.out
B12,planar_triangular_patch,planar,5.0,0,5,PBE0,def2-SVP,,,False,False,False,0,,0,,calculations\B12\planar_triangular_patch\d_5.0\mult_5\output.out
B12,quasi_planar_buckled_double_ring,quasi_planar,2.0,0,1,PBE0,def2-SVP,,,False,False,False,0,,0,,calculations\B12\quasi_planar_buckled_double_ring\d_2.0\mult_1\output.out
B12,quasi_planar_buckled_double_ring,quasi_planar,2.0,0,3,PBE0,def2-SVP,,,False,False,False,0,,0,,calculations\B12\quasi_planar_buckled_double_ring\d_2.0\mult_3\output.out
B12,quasi_planar_buckled_double_ring,quasi_planar,2.0,0,5,PBE0,def2-SVP,,,False,False,False,0,,0,,calculations\B12\quasi_planar_buckled_double_ring\d_2.0\mult_5\output.out
B12,quasi_planar_buckled_double_ring,quasi_planar,2.5,0,1,PBE0,def2-SVP,,,False,False,False,0,,0,,calculations\B12\quasi_planar_buckled_double_ring\d_2.5\mult_1\output.out
B12,quasi_planar_buckled_double_ring,quasi_planar,2.5,0,3,PBE0,def2-SVP,,,False,False,False,0,,0,,calculations\B12\quasi_planar_buckled_double_ring\d_2.5\mult_3\output.out
B12,quasi_planar_buckled_double_ring,quasi_planar,2.5,0,5,PBE0,def2-SVP,,,False,False,False,0,,0,,calculations\B12\quasi_planar_buckled_double_ring\d_2.5\mult_5\output.out
B12,quasi_planar_buckled_double_ring,quasi_planar,3.0,0,1,PBE0,def2-SVP,,,False,False,False,0,,0,,calculations\B12\quasi_planar_buckled_double_ring\d_3.0\mult_1\output.out
B12,quasi_planar_buckled_double_ring,quasi_planar,3.0,0,3,PBE0,def2-SVP,,,False,False,False,0,,0,,calculations\B12\quasi_planar_buckled_double_ring\d_3.0\mult_3\output.out
B12,quasi_planar_buckled_double_ring,quasi_planar,3.0,0,5,PBE0,def2-SVP,,,False,False,False,0,,0,,calculations\B12\quasi_planar_buckled_double_ring\d_3.0\mult_5\output.out
B12,quasi_planar_buckled_double_ring,quasi_planar,3.5,0,1,PBE0,def2-SVP,,,False,False,False,0,,0,,calculations\B12\quasi_planar_buckled_double_ring\d_3.5\mult_1\output.out
B12,quasi_planar_buckled_double_ring,quasi_planar,3.5,0,3,PBE0,def2-SVP,,,False,False,False,0,,0,,calculations\B12\quasi_planar_buckled_double_ring\d_3.5\mult_3\output.out
B12,quasi_planar_buckled_double_ring,quasi_planar,3.5,0,5,PBE0,def2-SVP,,,False,False,False,0,,0,,calculations\B12\quasi_planar_buckled_double_ring\d_3.5\mult_5\output.out
B12,quasi_planar_buckled_double_ring,quasi_planar,4.0,0,1,PBE0,def2-SVP,,,False,False,False,0,,0,,calculations\B12\quasi_planar_buckled_double_ring\d_4.0\mult_1\output.out
B12,quasi_planar_buckled_double_ring,quasi_planar,4.0,0,3,PBE0,def2-SVP,,,False,False,False,0,,0,,calculations\B12\quasi_planar_buckled_double_ring\d_4.0\mult_3\output.out
B12,quasi_planar_buckled_double_ring,quasi_planar,4.0,0,5,PBE0,def2-SVP,,,False,False,False,0,,0,,calculations\B12\quasi_planar_buckled_double_ring\d_4.0\mult_5\output.out
B12,quasi_planar_buckled_double_ring,quasi_planar,4.5,0,1,PBE0,def2-SVP,,,False,False,False,0,,0,,calculations\B12\quasi_planar_buckled_double_ring\d_4.5\mult_1\output.out
B12,quasi_planar_buckled_double_ring,quasi_planar,4.5,0,3,PBE0,def2-SVP,,,False,False,False,0,,0,,calculations\B12\quasi_planar_buckled_double_ring\d_4.5\mult_3\output.out
B12,quasi_planar_buckled_double_ring,quasi_planar,4.5,0,5,PBE0,def2-SVP,,,False,False,False,0,,0,,calculations\B12\quasi_planar_buckled_double_ring\d_4.5\mult_5\output.out
B12,quasi_planar_buckled_double_ring,quasi_planar,5.0,0,1,PBE0,def2-SVP,,,False,False,False,0,,0,,calculations\B12\quasi_planar_buckled_double_ring\d_5.0\mult_1\output.out
B12,quasi_planar_buckled_double_ring,quasi_planar,5.0,0,3,PBE0,def2-SVP,,,False,False,False,0,,0,,calculations\B12\quasi_planar_buckled_double_ring\d_5.0\mult_3\output.out
B12,quasi_planar_buckled_double_ring,quasi_planar,5.0,0,5,PBE0,def2-SVP,,,False,False,False,0,,0,,calculations\B12\quasi_planar_buckled_double_ring\d_5.0\mult_5\output.out
B12,random_3d_01,3d,2.0,0,1,PBE0,def2-SVP,,,False,False,False,0,,0,,calculations\B12\random_3d_01\d_2.0\mult_1\output.out
B12,random_3d_01,3d,2.0,0,3,PBE0,def2-SVP,,,False,False,False,0,,0,,calculations\B12\random_3d_01\d_2.0\mult_3\output.out
B12,random_3d_01,3d,2.0,0,5,PBE0,def2-SVP,,,False,False,False,0,,0,,calculations\B12\random_3d_01\d_2.0\mult_5\output.out
B12,random_3d_01,3d,2.5,0,1,PBE0,def2-SVP,,,False,False,False,0,,0,,calculations\B12\random_3d_01\d_2.5\mult_1\output.out
B12,random_3d_01,3d,2.5,0,3,PBE0,def2-SVP,,,False,False,False,0,,0,,calculations\B12\random_3d_01\d_2.5\mult_3\output.out
B12,random_3d_01,3d,2.5,0,5,PBE0,def2-SVP,,,False,False,False,0,,0,,calculations\B12\random_3d_01\d_2.5\mult_5\output.out
B12,random_3d_01,3d,3.0,0,1,PBE0,def2-SVP,,,False,False,False,0,,0,,calculations\B12\random_3d_01\d_3.0\mult_1\output.out
B12,random_3d_01,3d,3.0,0,3,PBE0,def2-SVP,,,False,False,False,0,,0,,calculations\B12\random_3d_01\d_3.0\mult_3\output.out
B12,random_3d_01,3d,3.0,0,5,PBE0,def2-SVP,,,False,False,False,0,,0,,calculations\B12\random_3d_01\d_3.0\mult_5\output.out
B12,random_3d_01,3d,3.5,0,1,PBE0,def2-SVP,,,False,False,False,0,,0,,calculations\B12\random_3d_01\d_3.5\mult_1\output.out
B12,random_3d_01,3d,3.5,0,3,PBE0,def2-SVP,,,False,False,False,0,,0,,calculations\B12\random_3d_01\d_3.5\mult_3\output.out
B12,random_3d_01,3d,3.5,0,5,PBE0,def2-SVP,,,False,False,False,0,,0,,calculations\B12\random_3d_01\d_3.5\mult_5\output.out
B12,random_3d_01,3d,4.0,0,1,PBE0,def2-SVP,,,False,False,False,0,,0,,calculations\B12\random_3d_01\d_4.0\mult_1\output.out
B12,random_3d_01,3d,4.0,0,3,PBE0,def2-SVP,,,False,False,False,0,,0,,calculations\B12\random_3d_01\d_4.0\mult_3\output.out
B12,random_3d_01,3d,4.0,0,5,PBE0,def2-SVP,,,False,False,False,0,,0,,calculations\B12\random_3d_01\d_4.0\mult_5\output.out
B12,random_3d_01,3d,4.5,0,1,PBE0,def2-SVP,,,False,False,False,0,,0,,calculations\B12\random_3d_01\d_4.5\mult_1\output.out
B12,random_3d_01,3d,4.5,0,3,PBE0,def2-SVP,,,False,False,False,0,,0,,calculations\B12\random_3d_01\d_4.5\mult_3\output.out
B12,random_3d_01,3d,4.5,0,5,PBE0,def2-SVP,,,False,False,False,0,,0,,calculations\B12\random_3d_01\d_4.5\mult_5\output.out
B12,random_3d_01,3d,5.0,0,1,PBE0,def2-SVP,,,False,False,False,0,,0,,calculations\B12\random_3d_01\d_5.0\mult_1\output.out
B12,random_3d_01,3d,5.0,0,3,PBE0,def2-SVP,,,False,False,False,0,,0,,calculations\B12\random_3d_01\d_5.0\mult_3\output.out
B12,random_3d_01,3d,5.0,0,5,PBE0,def2-SVP,,,False,False,False,0,,0,,calculations\B12\random_3d_01\d_5.0\mult_5\output.out
B12,random_3d_02,3d,2.0,0,1,PBE0,def2-SVP,,,False,False,False,0,,0,,calculations\B12\random_3d_02\d_2.0\mult_1\output.out
B12,random_3d_02,3d,2.0,0,3,PBE0,def2-SVP,,,False,False,False,0,,0,,calculations\B12\random_3d_02\d_2.0\mult_3\output.out
B12,random_3d_02,3d,2.0,0,5,PBE0,def2-SVP,,,False,False,False,0,,0,,calculations\B12\random_3d_02\d_2.0\mult_5\output.out
B12,random_3d_02,3d,2.5,0,1,PBE0,def2-SVP,,,False,False,False,0,,0,,calculations\B12\random_3d_02\d_2.5\mult_1\output.out
B12,random_3d_02,3d,2.5,0,3,PBE0,def2-SVP,,,False,False,False,0,,0,,calculations\B12\random_3d_02\d_2.5\mult_3\output.out
B12,random_3d_02,3d,2.5,0,5,PBE0,def2-SVP,,,False,False,False,0,,0,,calculations\B12\random_3d_02\d_2.5\mult_5\output.out
B12,random_3d_02,3d,3.0,0,1,PBE0,def2-SVP,,,False,False,False,0,,0,,calculations\B12\random_3d_02\d_3.0\mult_1\output.out
B12,random_3d_02,3d,3.0,0,3,PBE0,def2-SVP,,,False,False,False,0,,0,,calculations\B12\random_3d_02\d_3.0\mult_3\output.out
B12,random_3d_02,3d,3.0,0,5,PBE0,def2-SVP,,,False,False,False,0,,0,,calculations\B12\random_3d_02\d_3.0\mult_5\output.out
B12,random_3d_02,3d,3.5,0,1,PBE0,def2-SVP,,,False,False,False,0,,0,,calculations\B12\random_3d_02\d_3.5\mult_1\output.out
B12,random_3d_02,3d,3.5,0,3,PBE0,def2-SVP,,,False,False,False,0,,0,,calculations\B12\random_3d_02\d_3.5\mult_3\output.out
B12,random_3d_02,3d,3.5,0,5,PBE0,def2-SVP,,,False,False,False,0,,0,,calculations\B12\random_3d_02\d_3.5\mult_5\output.out
B12,random_3d_02,3d,4.0,0,1,PBE0,def2-SVP,,,False,False,False,0,,0,,calculations\B12\random_3d_02\d_4.0\mult_1\output.out
B12,random_3d_02,3d,4.0,0,3,PBE0,def2-SVP,,,False,False,False,0,,0,,calculations\B12\random_3d_02\d_4.0\mult_3\output.out
B12,random_3d_02,3d,4.0,0,5,PBE0,def2-SVP,,,False,False,False,0,,0,,calculations\B12\random_3d_02\d_4.0\mult_5\output.out
B12,random_3d_02,3d,4.5,0,1,PBE0,def2-SVP,,,False,False,False,0,,0,,calculations\B12\random_3d_02\d_4.5\mult_1\output.out
B12,random_3d_02,3d,4.5,0,3,PBE0,def2-SVP,,,False,False,False,0,,0,,calculations\B12\random_3d_02\d_4.5\mult_3\output.out
B12,random_3d_02,3d,4.5,0,5,PBE0,def2-SVP,,,False,False,False,0,,0,,calculations\B12\random_3d_02\d_4.5\mult_5\output.out
B12,random_3d_02,3d,5.0,0,1,PBE0,def2-SVP,,,False,False,False,0,,0,,calculations\B12\random_3d_02\d_5.0\mult_1\output.out
B12,random_3d_02,3d,5.0,0,3,PBE0,def2-SVP,,,False,False,False,0,,0,,calculations\B12\random_3d_02\d_5.0\mult_3\output.out
B12,random_3d_02,3d,5.0,0,5,PBE0,def2-SVP,,,False,False,False,0,,0,,calculations\B12\random_3d_02\d_5.0\mult_5\output.out
B12,random_3d_03,3d,2.0,0,1,PBE0,def2-SVP,,,False,False,False,0,,0,,calculations\B12\random_3d_03\d_2.0\mult_1\output.out
B12,random_3d_03,3d,2.0,0,3,PBE0,def2-SVP,,,False,False,False,0,,0,,calculations\B12\random_3d_03\d_2.0\mult_3\output.out
B12,random_3d_03,3d,2.0,0,5,PBE0,def2-SVP,,,False,False,False,0,,0,,calculations\B12\random_3d_03\d_2.0\mult_5\output.out
B12,random_3d_03,3d,2.5,0,1,PBE0,def2-SVP,,,False,False,False,0,,0,,calculations\B12\random_3d_03\d_2.5\mult_1\output.out
B12,random_3d_03,3d,2.5,0,3,PBE0,def2-SVP,,,False,False,False,0,,0,,calculations\B12\random_3d_03\d_2.5\mult_3\output.out
B12,random_3d_03,3d,2.5,0,5,PBE0,def2-SVP,,,False,False,False,0,,0,,calculations\B12\random_3d_03\d_2.5\mult_5\output.out
B12,random_3d_03,3d,3.0,0,1,PBE0,def2-SVP,,,False,False,False,0,,0,,calculations\B12\random_3d_03\d_3.0\mult_1\output.out
B12,random_3d_03,3d,3.0,0,3,PBE0,def2-SVP,,,False,False,False,0,,0,,calculations\B12\random_3d_03\d_3.0\mult_3\output.out
B12,random_3d_03,3d,3.0,0,5,PBE0,def2-SVP,,,False,False,False,0,,0,,calculations\B12\random_3d_03\d_3.0\mult_5\output.out
B12,random_3d_03,3d,3.5,0,1,PBE0,def2-SVP,,,False,False,False,0,,0,,calculations\B12\random_3d_03\d_3.5\mult_1\output.out
B12,random_3d_03,3d,3.5,0,3,PBE0,def2-SVP,,,False,False,False,0,,0,,calculations\B12\random_3d_03\d_3.5\mult_3\output.out
B12,random_3d_03,3d,3.5,0,5,PBE0,def2-SVP,,,False,False,False,0,,0,,calculations\B12\random_3d_03\d_3.5\mult_5\output.out
B12,random_3d_03,3d,4.0,0,1,PBE0,def2-SVP,,,False,False,False,0,,0,,calculations\B12\random_3d_03\d_4.0\mult_1\output.out
B12,random_3d_03,3d,4.0,0,3,PBE0,def2-SVP,,,False,False,False,0,,0,,calculations\B12\random_3d_03\d_4.0\mult_3\output.out
B12,random_3d_03,3d,4.0,0,5,PBE0,def2-SVP,,,False,False,False,0,,0,,calculations\B12\random_3d_03\d_4.0\mult_5\output.out
B12,random_3d_03,3d,4.5,0,1,PBE0,def2-SVP,,,False,False,False,0,,0,,calculations\B12\random_3d_03\d_4.5\mult_1\output.out
B12,random_3d_03,3d,4.5,0,3,PBE0,def2-SVP,,,False,False,False,0,,0,,calculations\B12\random_3d_03\d_4.5\mult_3\output.out
B12,random_3d_03,3d,4.5,0,5,PBE0,def2-SVP,,,False,False,False,0,,0,,calculations\B12\random_3d_03\d_4.5\mult_5\output.out
B12,random_3d_03,3d,5.0,0,1,PBE0,def2-SVP,,,False,False,False,0,,0,,calculations\B12\random_3d_03\d_5.0\mult_1\output.out
B12,random_3d_03,3d,5.0,0,3,PBE0,def2-SVP,,,False,False,False,0,,0,,calculations\B12\random_3d_03\d_5.0\mult_3\output.out
B12,random_3d_03,3d,5.0,0,5,PBE0,def2-SVP,,,False,False,False,0,,0,,calculations\B12\random_3d_03\d_5.0\mult_5\output.out
